Team,Conference,GM,W-L,W,L,BLKS,Fouls,FGM,FGA,FG%,OPP FG,OPP FGA,OPP FG%,FT,FTA,FT%,REB,ORebs,DRebs,OPP REB,REB MAR,OPP PTS,PTS,SCR MAR,PPG,ST,Opp 3FGA,Opp 3FG,3FG,3FGA,3FG%,AST,Opp TO,TO
A&M-Corpus Christi (Southland),Southland,35,23-12,23,12,62,711,943,"2,130",44.3,809,"1,942",41.7,572,776,73.7,"1,341",447,894,"1,188",4.4,"2,454","2,682",6.5,76.6,298,842,262,224,666,33.6,528,578,492
Abilene Christian (WAC),WAC,36,25-11,25,11,67,800,946,"2,159",43.8,782,"1,782",43.9,622,825,75.4,"1,155",378,777,"1,241",-2.4,"2,432","2,761",9.1,76.7,391,721,242,247,773,32,538,755,453
Air Force (Mountain West),Mountain West,29,11-18,11,18,88,523,627,"1,437",43.6,669,"1,445",46.3,250,385,64.9,770,172,598,956,-6.4,"1,915","1,712",-7,59,158,481,150,208,625,33.3,362,373,395
Akron (MAC),MAC,34,24-10,24,10,111,536,827,"1,799",46,783,"1,857",42.2,483,701,68.9,"1,188",334,854,"1,053",4,"2,130","2,402",8,70.6,199,656,225,265,748,35.4,397,400,389
Alabama (SEC),SEC,33,19-14,19,14,155,609,911,"2,073",43.9,887,"2,028",43.7,496,681,72.8,"1,307",443,864,"1,190",3.5,"2,523","2,623",3,79.5,233,725,245,305,987,30.9,484,435,480
Alabama A&M (SWAC),SWAC,30,12-18,12,18,96,483,656,"1,733",37.9,718,"1,791",40.1,414,581,71.3,"1,134",334,800,"1,187",-1.8,"2,010","1,843",-5.6,61.4,212,697,223,117,431,27.1,285,410,407
Alabama St. (SWAC),SWAC,31,10-21,10,21,111,560,751,"1,762",42.6,822,"1,863",44.1,465,666,69.8,"1,068",327,741,"1,145",-2.5,"2,332","2,160",-5.5,69.7,234,703,231,193,581,33.2,373,441,479
Alcorn (SWAC),SWAC,34,17-17,17,17,92,604,817,"1,983",41.2,844,"1,887",44.7,445,643,69.2,"1,226",405,821,"1,174",1.5,"2,417","2,262",-4.6,66.5,253,676,232,183,579,31.6,352,450,479
American (Patriot),Patriot,32,10-22,10,22,98,477,781,"1,737",45,849,"1,794",47.3,308,444,69.4,984,256,728,"1,063",-2.5,"2,270","2,031",-7.5,63.5,209,614,213,161,487,33.1,390,368,429
App State (Sun Belt),Sun Belt,34,19-15,19,15,85,437,822,"1,966",41.8,806,"1,924",41.9,354,537,65.9,"1,199",335,864,"1,179",0.6,"2,146","2,281",4,67.1,191,734,227,283,846,33.5,427,407,350
Arizona (Pac-12),Pac-12,37,33-4,33,4,210,619,"1,117","2,269",49.2,928,"2,400",38.7,586,793,73.9,"1,531",429,"1,102","1,249",7.6,"2,518","3,107",15.9,84,249,833,273,287,815,35.2,726,472,497
Arizona St. (Pac-12),Pac-12,31,14-17,14,17,131,562,775,"1,873",41.4,718,"1,797",40,263,398,66.1,"1,102",292,810,"1,234",-4.3,"2,084","2,027",-1.8,65.4,207,737,229,214,697,30.7,414,419,370
Ark.-Pine Bluff (SWAC),SWAC,31,7-24,7,24,80,540,708,"1,733",40.9,894,"1,807",49.5,427,597,71.5,918,276,642,"1,180",-8.5,"2,426","2,055",-12,66.3,222,558,201,212,706,30,355,414,414
Arkansas (SEC),SEC,37,28-9,28,9,153,624,972,"2,241",43.4,880,"2,135",41.2,633,833,76,"1,399",400,999,"1,291",2.9,"2,527","2,810",7.6,75.9,281,828,269,233,767,30.4,512,549,453
Arkansas St. (Sun Belt),Sun Belt,29,18-11,18,11,97,482,745,"1,653",45.1,722,"1,685",42.8,408,548,74.5,"1,044",294,750,983,2.1,"1,974","2,055",2.8,70.9,229,559,184,157,505,31.1,452,400,403
Army West Point (Patriot),Patriot,31,15-16,15,16,58,460,804,"1,839",43.7,819,"1,854",44.2,366,581,63,"1,154",348,806,"1,094",1.9,"2,182","2,183",0,70.4,243,750,266,209,652,32.1,389,430,408
Auburn (SEC),SEC,34,28-6,28,6,272,629,943,"2,166",43.5,777,"2,014",38.6,500,684,73.1,"1,374",435,939,"1,242",3.9,"2,285","2,660",11,78.2,284,725,225,274,862,31.8,501,493,411
Austin Peay (OVC),OVC,29,12-17,12,17,59,483,669,"1,639",40.8,720,"1,547",46.5,308,436,70.6,952,308,644,"1,007",-1.9,"2,004","1,875",-4.4,64.7,186,585,197,229,726,31.5,392,413,404
Ball St. (MAC),MAC,31,14-17,14,17,75,555,788,"1,783",44.2,830,"1,865",44.5,463,667,69.4,"1,108",302,806,"1,124",-0.5,"2,380","2,304",-2.5,74.3,188,796,287,265,735,36.1,408,386,433
Baylor (Big 12),Big 12,34,27-7,27,7,117,548,962,"2,083",46.2,801,"1,892",42.3,421,604,69.7,"1,264",437,827,"1,101",4.8,"2,178","2,619",13,77,298,685,207,274,799,34.3,542,540,421
Belmont (OVC),OVC,33,25-8,25,8,129,452,957,"1,960",48.8,838,"1,948",43,387,521,74.3,"1,104",258,846,"1,108",-0.1,"2,264","2,583",9.7,78.3,299,776,265,282,850,33.2,595,493,390
Bethune-Cookman (SWAC),SWAC,30,9-21,9,21,73,514,710,"1,705",41.6,735,"1,640",44.8,337,489,68.9,979,300,679,"1,055",-2.5,"2,086","1,901",-6.2,63.4,238,614,201,144,429,33.6,324,419,402
Binghamton (America East),America East,29,12-17,12,17,106,484,746,"1,692",44.1,721,"1,680",42.9,257,389,66.1,"1,045",278,767,"1,023",0.8,"1,983","1,962",-0.7,67.7,164,625,206,213,602,35.4,334,322,366
Boise St. (Mountain West),Mountain West,35,27-8,27,8,120,526,849,"1,910",44.5,793,"1,855",42.7,434,668,65,"1,219",358,861,"1,055",4.7,"2,130","2,389",7.4,68.3,210,609,199,257,742,34.6,399,461,423
Boston College (ACC),ACC,33,13-20,13,20,97,514,812,"1,896",42.8,797,"1,777",44.9,395,561,70.4,"1,131",352,779,"1,090",1.2,"2,248","2,209",-1.2,66.9,238,653,238,190,614,30.9,409,410,393
Boston U. (Patriot),Patriot,35,22-13,22,13,85,545,893,"1,967",45.4,874,"1,942",45,421,570,73.9,"1,219",359,860,"1,066",4.4,"2,369","2,470",2.9,70.6,197,645,217,263,743,35.4,387,390,424
Bowling Green (MAC),MAC,31,13-18,13,18,106,550,881,"2,025",43.5,884,"1,974",44.8,471,637,73.9,"1,203",379,824,"1,188",0.5,"2,495","2,488",-0.2,80.3,227,851,297,255,751,34,390,407,380
Bradley (MVC),MVC,31,17-14,17,14,142,527,799,"1,801",44.4,705,"1,740",40.5,346,502,68.9,"1,202",350,852,987,6.9,"2,021","2,185",5.3,70.5,197,656,210,241,715,33.7,419,383,420
Brown (Ivy League),Ivy League,29,13-16,13,16,113,521,739,"1,698",43.5,718,"1,627",44.1,371,523,70.9,"1,029",304,725,"1,002",0.9,"2,015","2,058",1.5,71,194,617,208,209,668,31.3,354,410,382
Bryant (NEC),NEC,32,22-10,22,10,143,544,879,"2,013",43.7,879,"2,121",41.4,475,649,73.2,"1,322",404,918,"1,232",2.8,"2,348","2,497",4.7,78,207,712,226,264,868,30.4,444,389,444
Bucknell (Patriot),Patriot,32,9-23,9,23,100,490,818,"1,790",45.7,950,"2,038",46.6,388,507,76.5,"1,018",224,794,"1,140",-3.8,"2,541","2,277",-8.2,71.2,148,780,291,253,673,37.6,471,306,430
Buffalo (MAC),MAC,30,19-11,19,11,137,513,891,"1,957",45.5,797,"1,884",42.3,361,509,70.9,"1,273",425,848,"1,042",7.7,"2,168","2,398",7.7,79.9,214,610,193,255,746,34.2,451,362,396
Butler (Big East),Big East,33,14-19,14,19,80,550,749,"1,799",41.6,802,"1,848",43.4,380,546,69.6,"1,083",298,785,"1,121",-1.2,"2,209","2,107",-3.1,63.8,171,699,217,229,751,30.5,363,374,395
BYU (WCC),WCC,35,24-11,24,11,111,619,960,"2,101",45.7,862,"2,055",41.9,399,556,71.8,"1,375",376,999,"1,133",6.9,"2,392","2,599",5.9,74.3,170,771,236,280,793,35.3,513,375,441
Cal Poly (Big West),Big West,28,7-21,7,21,68,544,593,"1,450",40.9,634,"1,530",41.4,388,533,72.8,979,259,720,930,1.8,"1,885","1,721",-5.9,61.5,132,554,199,147,507,29,295,328,412
Cal St. Fullerton (Big West),Big West,32,21-11,21,11,63,506,792,"1,781",44.5,780,"1,772",44,479,625,76.6,"1,070",312,758,"1,025",1.4,"2,129","2,239",3.4,70,233,665,250,176,535,32.9,360,444,388
California (Pac-12),Pac-12,32,12-20,12,20,83,529,756,"1,798",42,748,"1,778",42.1,331,455,72.7,"1,122",279,843,"1,080",1.3,"2,114","2,018",-3,63.1,156,624,193,175,569,30.8,342,308,360
Campbell (Big South),Big South,29,16-13,16,13,66,401,721,"1,567",46,660,"1,546",42.7,293,431,68,924,205,719,934,-0.3,"1,798","1,919",4.2,66.2,180,601,207,184,578,31.8,404,353,303
Canisius (MAAC),MAAC,32,11-21,11,21,83,550,777,"1,942",40,844,"1,836",46,402,580,69.3,"1,134",356,778,"1,165",-1,"2,288","2,192",-3,68.5,193,585,179,236,771,30.6,416,415,378
Central Ark. (ASUN),ASUN,31,11-20,11,20,99,518,862,"1,960",44,923,"1,952",47.3,338,444,76.1,"1,099",313,786,"1,161",-2,"2,515","2,269",-7.9,73.2,211,718,248,207,689,30,444,384,424
Central Conn. St. (NEC),NEC,32,8-24,8,24,70,515,690,"1,755",39.3,842,"1,828",46.1,362,511,70.8,"1,020",296,724,"1,168",-4.6,"2,308","1,977",-10.3,61.8,199,718,250,235,688,34.2,340,404,441
Central Mich. (MAC),MAC,30,7-23,7,23,91,597,694,"1,696",40.9,802,"1,756",45.7,358,517,69.2,995,276,719,"1,140",-4.8,"2,309","1,978",-11,65.9,189,744,259,232,680,34.1,345,345,407
Charleston So. (Big South),Big South,31,6-25,6,25,93,502,745,"1,830",40.7,854,"1,840",46.4,376,556,67.6,"1,128",331,797,"1,121",0.2,"2,356","2,122",-7.5,68.5,203,693,241,256,832,30.8,371,390,456
Charlotte (C-USA),C-USA,31,17-14,17,14,90,436,781,"1,698",46,810,"1,758",46.1,376,475,79.2,969,220,749,"1,008",-1.3,"2,208","2,171",-1.2,70,149,638,231,233,675,34.5,433,350,356
Chattanooga (SoCon),SoCon,35,27-8,27,8,75,547,956,"2,059",46.4,830,"1,965",42.2,408,547,74.6,"1,264",378,886,"1,091",4.9,"2,253","2,596",9.8,74.2,252,794,236,276,800,34.5,449,429,384
Chicago St. (WAC),WAC,32,7-25,7,25,74,636,700,"1,800",38.9,817,"1,770",46.2,344,525,65.5,"1,083",376,707,"1,151",-2.1,"2,380","1,987",-12.3,62.1,179,645,254,243,786,30.9,308,406,483
Cincinnati (AAC),AAC,33,18-15,18,15,127,577,812,"2,012",40.4,764,"1,897",40.3,398,595,66.9,"1,226",380,846,"1,237",-0.3,"2,176","2,291",3.5,69.4,208,582,182,269,853,31.5,433,411,346
Clemson (ACC),ACC,33,17-16,17,16,77,521,851,"1,868",45.6,791,"1,858",42.6,409,556,73.6,"1,143",281,862,"1,082",1.8,"2,259","2,367",3.3,71.7,195,792,264,256,706,36.3,470,375,364
Cleveland St. (Horizon),Horizon,31,20-11,20,11,105,566,853,"1,783",47.8,742,"1,762",42.1,433,645,67.1,"1,093",346,747,"1,012",2.6,"2,168","2,336",5.4,75.4,268,759,242,197,602,32.7,513,478,420
Coastal Carolina (Sun Belt),Sun Belt,33,19-14,19,14,121,473,872,"1,937",45,772,"1,984",38.9,414,595,69.6,"1,318",400,918,"1,125",5.8,"2,156","2,404",7.5,72.8,224,905,273,246,692,35.5,445,406,437
Col. of Charleston (CAA),CAA,32,17-15,17,15,88,658,895,"2,039",43.9,853,"1,886",45.2,452,619,73,"1,291",440,851,"1,070",6.9,"2,446","2,502",1.8,78.2,255,665,227,260,766,33.9,422,458,501
Colgate (Patriot),Patriot,35,23-12,23,12,126,507,964,"2,035",47.4,883,"2,077",42.5,371,532,69.7,"1,266",311,955,"1,174",2.6,"2,349","2,646",8.5,75.6,214,729,244,347,859,40.4,598,380,396
Colorado (Pac-12),Pac-12,33,21-12,21,12,105,516,817,"1,847",44.2,807,"1,921",42,484,640,75.6,"1,223",329,894,"1,057",5,"2,224","2,345",3.7,71.1,181,708,234,227,620,36.6,441,398,447
Colorado St. (Mountain West),Mountain West,31,25-6,25,6,95,467,821,"1,710",48,743,"1,728",43,392,507,77.3,982,208,774,991,-0.3,"2,047","2,275",7.4,73.4,198,754,247,241,675,35.7,442,385,313
Columbia (Ivy League),Ivy League,26,4-22,4,22,53,434,651,"1,531",42.5,747,"1,607",46.5,252,402,62.7,917,264,653,953,-1.4,"2,049","1,752",-11.4,67.4,154,686,258,198,556,35.6,313,310,396
Coppin St. (MEAC),MEAC,32,9-23,9,23,96,539,715,"1,851",38.6,846,"2,017",41.9,438,640,68.4,"1,094",250,844,"1,392",-9.3,"2,390","2,142",-7.8,66.9,258,838,295,274,924,29.7,353,481,461
Cornell (Ivy League),Ivy League,26,15-11,15,11,76,486,735,"1,576",46.6,696,"1,617",43,338,478,70.7,985,258,727,935,1.9,"1,941","2,059",4.5,79.2,205,701,225,251,722,34.8,450,357,369
Creighton (Big East),Big East,35,23-12,23,12,149,476,896,"2,002",44.8,878,"2,215",39.6,395,535,73.8,"1,335",336,999,"1,249",2.5,"2,324","2,422",2.8,69.2,192,736,233,235,763,30.8,466,373,492
CSU Bakersfield (Big West),Big West,27,8-19,8,19,59,559,647,"1,540",42,575,"1,306",44,333,470,70.9,931,317,614,847,3.1,"1,798","1,729",-2.6,64,160,541,190,102,359,28.4,268,368,316
CSUN (Big West),Big West,30,7-23,7,23,76,560,678,"1,684",40.3,746,"1,652",45.2,337,494,68.2,952,295,657,"1,116",-5.5,"2,137","1,847",-9.7,61.6,216,634,211,154,508,30.3,275,395,367
Dartmouth (Ivy League),Ivy League,25,9-16,9,16,84,403,608,"1,459",41.7,621,"1,395",44.5,271,351,77.2,828,211,617,891,-2.5,"1,705","1,709",0.2,68.4,166,524,185,222,655,33.9,261,329,287
Davidson (Atlantic 10),Atlantic 10,34,27-7,27,7,88,504,908,"1,887",48.1,792,"1,890",41.9,450,597,75.4,"1,164",252,912,"1,059",3.1,"2,244","2,567",9.5,75.5,157,823,275,301,778,38.7,498,376,333
Dayton (Atlantic 10),Atlantic 10,35,24-11,24,11,135,488,901,"1,883",47.8,790,"1,934",40.8,392,574,68.3,"1,232",322,910,"1,029",5.8,"2,143","2,423",8,69.2,194,719,233,229,635,36.1,504,387,433
Delaware (CAA),CAA,35,22-13,22,13,129,547,909,"1,940",46.9,879,"2,045",43,489,657,74.4,"1,138",300,838,"1,174",-1,"2,456","2,568",3.2,73.4,233,730,258,261,752,34.7,440,443,440
Delaware St. (MEAC),MEAC,28,2-26,2,26,112,504,633,"1,567",40.4,700,"1,678",41.7,322,479,67.2,987,279,708,"1,087",-3.6,"2,058","1,757",-10.8,62.8,203,769,271,169,520,32.5,271,398,489
Denver (Summit League),Summit League,32,11-21,11,21,107,557,816,"1,773",46,838,"1,871",44.8,393,564,69.7,"1,031",243,788,"1,100",-2.2,"2,380","2,257",-3.8,70.5,167,746,265,232,631,36.8,397,373,413
DePaul (Big East),Big East,31,15-16,15,16,155,488,816,"1,883",43.3,819,"1,912",42.8,436,629,69.3,"1,194",367,827,"1,121",2.4,"2,238","2,272",1.1,73.3,193,674,227,204,644,31.7,354,367,381
Detroit Mercy (Horizon),Horizon,30,14-16,14,16,58,463,752,"1,715",43.8,766,"1,643",46.6,305,393,77.6,948,278,670,997,-1.6,"2,115","2,122",0.2,70.7,176,671,235,313,837,37.4,363,378,348
Drake (MVC),MVC,36,25-11,25,11,115,611,979,"2,126",46,840,"1,956",42.9,449,595,75.5,"1,249",361,888,"1,147",2.8,"2,391","2,660",7.5,73.9,252,741,244,253,736,34.4,427,476,389
Drexel (CAA),CAA,29,15-14,15,14,87,440,796,"1,718",46.3,771,"1,714",45,309,435,71,993,250,743,986,0.2,"2,038","2,112",2.6,72.8,138,550,185,211,609,34.6,362,319,316
Duke (ACC),ACC,39,32-7,32,7,219,532,"1,158","2,357",49.1,"1,027","2,462",41.7,498,675,73.8,"1,479",410,"1,069","1,322",4,"2,643","3,122",12.3,80.1,249,826,265,308,841,36.6,642,419,400
Duquesne (Atlantic 10),Atlantic 10,30,6-24,6,24,131,416,742,"1,842",40.3,849,"1,783",47.6,285,403,70.7,"1,023",342,681,"1,137",-3.8,"2,202","1,956",-8.2,65.2,199,570,227,187,614,30.5,300,387,344
East Carolina (AAC),AAC,30,15-15,15,15,92,487,700,"1,724",40.6,751,"1,736",43.3,436,578,75.4,"1,056",300,756,"1,087",-1,"2,128","2,061",-2.2,68.7,203,712,251,225,676,33.3,442,385,389
Eastern Ill. (OVC),OVC,31,5-26,5,26,93,451,623,"1,567",39.8,820,"1,803",45.5,315,494,63.8,919,223,696,"1,144",-7.3,"2,205","1,746",-14.8,56.3,196,787,268,185,568,32.6,367,387,498
Eastern Ky. (ASUN),ASUN,31,13-18,13,18,113,513,887,"2,125",41.7,857,"1,845",46.4,320,453,70.6,"1,121",390,731,"1,244",-4,"2,327","2,457",4.2,79.3,316,721,246,363,"1,029",35.3,486,540,359
Eastern Mich. (MAC),MAC,31,10-21,10,21,99,542,782,"1,816",43.1,859,"1,913",44.9,383,551,69.5,"1,079",263,816,"1,185",-3.4,"2,356","2,143",-6.9,69.1,181,690,245,196,636,30.8,314,385,429
Eastern Wash. (Big Sky),Big Sky,34,18-16,18,16,93,634,905,"1,995",45.4,887,"2,071",42.8,500,664,75.3,"1,247",309,938,"1,164",2.4,"2,536","2,611",2.2,76.8,188,867,284,301,854,35.2,535,391,451
Elon (CAA),CAA,32,10-22,10,22,78,651,766,"1,800",42.6,760,"1,754",43.3,342,464,73.7,"1,061",284,777,"1,126",-2,"2,311","2,147",-5.1,67.1,155,672,233,273,798,34.2,401,352,417
ETSU (SoCon),SoCon,32,15-17,15,17,89,475,853,"1,921",44.4,847,"1,888",44.9,319,440,72.5,"1,115",350,765,"1,113",0.1,"2,336","2,306",-0.9,72.1,216,870,296,281,802,35,420,362,360
Evansville (MVC),MVC,30,6-24,6,24,61,440,629,"1,581",39.8,784,"1,580",49.6,272,384,70.8,813,143,670,"1,042",-7.6,"2,122","1,775",-11.6,59.2,178,535,204,245,743,33,316,349,335
Fairfield (MAAC),MAAC,33,15-18,15,18,101,526,820,"1,891",43.4,797,"1,866",42.7,348,494,70.4,"1,144",315,829,"1,138",0.2,"2,177","2,239",1.9,67.8,179,566,184,251,739,34,394,373,366
Fairleigh Dickinson (NEC),NEC,26,4-22,4,22,77,475,632,"1,555",40.6,746,"1,565",47.7,306,432,70.8,863,270,593,"1,009",-5.6,"2,058","1,748",-11.9,67.2,168,550,193,178,550,32.4,307,336,358
FGCU (ASUN),ASUN,34,22-12,22,12,164,504,944,"2,081",45.4,941,"2,153",43.7,406,601,67.6,"1,319",380,939,"1,190",3.8,"2,505","2,641",4,77.7,227,819,273,347,991,35,534,393,458
FIU (C-USA),C-USA,32,15-17,15,17,128,494,813,"1,892",43,806,"1,884",42.8,330,470,70.2,"1,121",309,812,"1,171",-1.6,"2,274","2,264",-0.3,70.8,205,731,243,308,880,35,443,424,447
Fla. Atlantic (C-USA),C-USA,34,19-15,19,15,97,575,907,"2,004",45.3,838,"1,889",44.4,406,570,71.2,"1,234",375,859,"1,092",4.2,"2,315","2,519",6,74.1,251,642,232,299,850,35.2,454,468,436
Florida (SEC),SEC,34,20-14,20,14,171,542,825,"1,936",42.6,831,"1,885",44.1,481,654,73.5,"1,144",377,767,"1,189",-1.3,"2,261","2,400",4.1,70.6,284,621,200,269,887,30.3,435,498,423
Florida A&M (SWAC),SWAC,30,13-17,13,17,92,532,733,"1,704",43,713,"1,684",42.3,349,495,70.5,981,270,711,"1,116",-4.5,"2,064","1,952",-3.7,65.1,188,597,207,137,453,30.2,360,386,375
Florida St. (ACC),ACC,31,17-14,17,14,151,506,799,"1,842",43.4,786,"1,769",44.4,395,558,70.8,"1,081",352,729,"1,090",-0.3,"2,230","2,201",-0.9,71,264,748,276,208,628,33.1,445,448,387
Fordham (Atlantic 10),Atlantic 10,32,16-16,16,16,119,566,737,"1,870",39.4,780,"1,833",42.6,404,556,72.7,"1,179",327,852,"1,185",-0.2,"2,137","2,115",-0.7,66.1,234,633,198,237,799,29.7,379,437,421
Fresno St. (Mountain West),Mountain West,36,23-13,23,13,101,554,855,"1,916",44.6,764,"1,866",40.9,424,596,71.1,"1,226",319,907,"1,094",3.7,"2,139","2,384",6.8,66.2,220,787,255,250,742,33.7,431,448,402
Furman (SoCon),SoCon,34,22-12,22,12,119,496,945,"2,038",46.4,878,"1,941",45.2,349,461,75.7,"1,128",317,811,"1,138",-0.3,"2,336","2,640",8.9,77.6,281,711,236,401,"1,054",38,593,442,358
Ga. Southern (Sun Belt),Sun Belt,29,13-16,13,16,100,509,714,"1,598",44.7,661,"1,613",41,329,484,68,"1,005",284,721,980,0.9,"1,903","1,927",0.8,66.4,216,627,205,170,559,30.4,347,396,417
Gardner-Webb (Big South),Big South,31,18-13,18,13,147,567,784,"1,767",44.4,673,"1,728",38.9,356,508,70.1,"1,143",303,840,"1,054",2.9,"1,989","2,154",5.3,69.5,225,718,203,230,699,32.9,409,406,416
George Mason (Atlantic 10),Atlantic 10,30,14-16,14,16,95,480,751,"1,685",44.6,720,"1,702",42.3,340,490,69.4,"1,046",252,794,994,1.7,"2,056","2,122",2.2,70.7,152,719,247,280,783,35.8,424,350,367
George Washington (Atlantic 10),Atlantic 10,30,12-18,12,18,125,512,758,"1,769",42.8,805,"1,818",44.3,321,461,69.6,"1,000",250,750,"1,161",-5.4,"2,185","2,051",-4.5,68.4,207,628,193,214,634,33.8,368,381,378
Georgetown (Big East),Big East,31,6-25,6,25,119,502,770,"1,924",40,862,"1,876",45.9,415,558,74.4,"1,155",394,761,"1,151",0.1,"2,388","2,192",-6.3,70.7,222,780,288,237,693,34.2,366,397,414
Georgia (SEC),SEC,32,6-26,6,26,69,481,763,"1,725",44.2,942,"1,990",47.3,503,673,74.7,"1,046",272,774,"1,116",-2.2,"2,512","2,234",-8.7,69.8,167,817,285,205,638,32.1,444,351,462
Georgia St. (Sun Belt),Sun Belt,29,18-11,18,11,130,466,722,"1,806",40,671,"1,609",41.7,384,533,72,"1,084",385,699,"1,055",1,"1,906","2,049",4.9,70.7,255,591,217,221,670,33,391,471,339
Georgia Tech (ACC),ACC,32,12-20,12,20,82,576,823,"1,866",44.1,807,"1,850",43.6,321,460,69.8,"1,088",284,804,"1,131",-1.3,"2,264","2,195",-2.2,68.6,249,718,226,228,646,35.3,438,422,419
Gonzaga (WCC),WCC,32,28-4,28,4,186,497,"1,045","2,004",52.1,789,"2,076",38,438,614,71.3,"1,339",309,"1,030","1,067",8.5,"2,119","2,790",21,87.2,205,691,211,262,708,37,578,384,370
Grambling (SWAC),SWAC,32,12-20,12,20,107,585,749,"1,842",40.7,774,"1,839",42.1,431,607,71,"1,145",333,812,"1,229",-2.6,"2,273","2,092",-5.7,65.4,211,660,233,163,517,31.5,350,444,455
Grand Canyon (WAC),WAC,31,23-8,23,8,69,551,784,"1,825",43,675,"1,756",38.4,383,564,67.9,"1,258",402,856,"1,057",6.5,"1,898","2,204",9.9,71.1,206,605,165,253,725,34.9,397,403,404
Green Bay (Horizon),Horizon,30,5-25,5,25,83,462,668,"1,593",41.9,748,"1,598",46.8,360,504,71.4,905,272,633,963,-1.9,"2,068","1,852",-7.2,61.7,150,553,191,156,553,28.2,322,355,388
Hampton (Big South),Big South,28,9-19,9,19,115,514,628,"1,573",39.9,692,"1,664",41.6,397,567,70,958,235,723,"1,114",-5.6,"1,946","1,813",-4.8,64.8,147,563,162,160,548,29.2,298,343,355
Hartford (America East),America East,32,12-20,12,20,101,480,799,"1,778",44.9,832,"1,858",44.8,339,491,69,"1,037",248,789,"1,110",-2.3,"2,309","2,234",-2.3,69.8,193,712,254,297,804,36.9,390,355,390
Harvard (Ivy League),Ivy League,26,13-13,13,13,64,409,676,"1,564",43.2,633,"1,435",44.1,285,411,69.3,900,242,658,911,-0.4,"1,797","1,858",2.3,71.5,198,566,210,221,670,33,295,392,321
Hawaii (Big West),Big West,28,17-11,17,11,60,471,667,"1,514",44.1,652,"1,559",41.8,366,492,74.4,985,261,724,860,4.5,"1,796","1,928",4.7,68.9,99,476,148,228,636,35.8,344,295,364
High Point (Big South),Big South,32,14-18,14,18,149,555,808,"1,829",44.2,803,"1,863",43.1,401,627,64,"1,142",323,819,"1,162",-0.6,"2,232","2,225",-0.2,69.5,207,688,203,208,621,33.5,400,397,427
Hofstra (CAA),CAA,32,21-11,21,11,87,478,928,"2,004",46.3,851,"1,881",45.2,333,418,79.7,"1,062",263,799,"1,142",-2.5,"2,333","2,494",5,77.9,255,790,292,305,896,34,495,470,330
Holy Cross (Patriot),Patriot,31,9-22,9,22,118,523,742,"1,793",41.4,814,"1,753",46.4,357,504,70.8,"1,050",317,733,"1,096",-1.5,"2,192","2,022",-5.5,65.2,184,567,202,181,527,34.3,315,382,387
Houston (AAC),AAC,38,32-6,32,6,196,652,"1,054","2,267",46.5,744,"2,003",37.1,438,657,66.7,"1,482",506,976,"1,216",7,"2,233","2,844",16.1,74.8,305,855,246,298,881,33.8,617,541,423
Houston Baptist (Southland),Southland,29,11-18,11,18,74,550,762,"1,711",44.5,777,"1,664",46.7,466,655,71.1,"1,049",335,714,954,3.3,"2,220","2,190",-1,75.5,229,598,224,200,621,32.2,390,426,440
Howard (MEAC),MEAC,29,16-13,16,13,103,523,759,"1,726",44,718,"1,682",42.7,452,607,74.5,993,296,697,"1,066",-2.5,"2,019","2,215",6.8,76.4,241,548,181,245,685,35.8,414,514,425
Idaho (Big Sky),Big Sky,31,9-22,9,22,69,607,780,"1,765",44.2,906,"1,887",48,455,619,73.5,"1,060",254,806,"1,103",-1.4,"2,468","2,263",-6.6,73,110,633,221,248,667,37.2,370,325,422
Idaho St. (Big Sky),Big Sky,30,7-23,7,23,66,545,673,"1,608",41.9,766,"1,636",46.8,373,545,68.4,982,300,682,987,-0.2,"2,146","1,931",-7.2,64.4,136,595,200,212,684,31,313,337,414
Illinois (Big Ten),Big Ten,33,23-10,23,10,99,538,863,"1,925",44.8,816,"1,977",41.3,435,616,70.6,"1,271",379,892,"1,089",5.5,"2,218","2,456",7.2,74.4,171,585,187,295,821,35.9,501,351,408
Illinois St. (MVC),MVC,33,13-20,13,20,156,573,869,"1,926",45.1,876,"1,987",44.1,450,604,74.5,"1,164",326,838,"1,150",0.4,"2,466","2,447",-0.6,74.2,224,743,255,259,705,36.7,406,408,455
Indiana (Big Ten),Big Ten,35,21-14,21,14,169,609,903,"1,988",45.4,793,"2,004",39.6,466,666,70,"1,267",319,948,"1,178",2.5,"2,316","2,478",4.6,70.8,197,803,265,206,619,33.3,511,424,414
Indiana St. (MVC),MVC,31,11-20,11,20,60,472,776,"1,759",44.1,819,"1,865",43.9,362,465,77.8,"1,055",195,860,"1,083",-0.9,"2,230","2,184",-1.5,70.5,186,680,241,270,810,33.3,406,353,408
Iona (MAAC),MAAC,33,25-8,25,8,199,601,872,"1,952",44.7,804,"1,934",41.6,504,727,69.3,"1,220",377,843,"1,163",1.7,"2,264","2,482",6.6,75.2,216,642,194,234,704,33.2,533,443,418
Iowa (Big Ten),Big Ten,36,26-10,26,10,156,583,"1,071","2,322",46.1,949,"2,170",43.7,522,697,74.9,"1,343",430,913,"1,293",1.4,"2,562","2,995",12,83.2,264,788,259,331,912,36.3,577,490,331
Iowa St. (Big 12),Big 12,35,22-13,22,13,109,639,849,"1,969",43.1,760,"1,790",42.5,364,533,68.3,"1,133",337,796,"1,164",-0.9,"2,189","2,296",3.1,65.6,299,681,197,234,742,31.5,513,582,484
IUPUI (Horizon),Horizon,29,3-26,3,26,74,513,557,"1,467",38,666,"1,494",44.6,258,387,66.7,913,300,613,951,-1.3,"1,947","1,521",-14.7,52.4,166,615,217,149,511,29.2,303,383,481
Jackson St. (SWAC),SWAC,30,11-19,11,19,117,513,693,"1,705",40.6,699,"1,625",43,286,451,63.4,"1,049",335,714,"1,014",1.2,"1,963","1,827",-4.5,60.9,188,482,156,155,515,30.1,327,371,397
Jacksonville (ASUN),ASUN,31,21-10,21,10,60,467,768,"1,706",45,641,"1,617",39.6,358,506,70.8,"1,131",337,794,901,7.4,"1,839","2,081",7.8,67.1,203,729,215,187,539,34.7,387,355,352
Jacksonville St. (ASUN),ASUN,32,21-11,21,11,92,459,838,"1,796",46.7,778,"1,901",40.9,380,554,68.6,"1,177",310,867,"1,048",4,"2,151","2,353",6.3,73.5,199,850,282,297,769,38.6,458,379,419
James Madison (CAA),CAA,29,15-14,15,14,61,476,804,"1,737",46.3,763,"1,724",44.3,355,509,69.7,972,270,702,"1,043",-2.4,"2,123","2,178",1.9,75.1,247,789,259,215,622,34.6,388,446,360
Kansas (Big 12),Big 12,40,34-6,34,6,172,637,"1,144","2,393",47.8,980,"2,411",40.6,555,774,71.7,"1,515",438,"1,077","1,323",4.8,"2,690","3,129",11,78.2,251,838,250,286,792,36.1,613,507,484
Kansas City (Summit League),Summit League,31,19-12,19,12,86,625,855,"1,788",47.8,703,"1,595",44.1,376,556,67.6,971,241,730,"1,030",-1.9,"2,085","2,311",7.3,74.5,230,563,179,225,618,36.4,412,485,326
Kansas St. (Big 12),Big 12,31,14-17,14,17,51,530,748,"1,780",42,749,"1,724",43.4,382,526,72.6,"1,030",275,755,"1,112",-2.6,"2,091","2,139",1.5,69,227,693,209,261,754,34.6,386,417,356
Kennesaw St. (ASUN),ASUN,31,13-18,13,18,86,530,850,"1,836",46.3,773,"1,750",44.2,361,545,66.2,"1,102",332,770,"1,028",2.4,"2,206","2,319",3.6,74.8,221,710,256,258,706,36.5,446,420,382
Kent St. (MAC),MAC,34,23-11,23,11,117,616,852,"1,932",44.1,755,"1,833",41.2,462,619,74.6,"1,220",353,867,"1,079",4.1,"2,217","2,423",6.1,71.3,242,803,251,257,772,33.3,423,458,416
Kentucky (SEC),SEC,34,26-8,26,8,144,487,"1,030","2,134",48.3,835,"2,018",41.4,434,598,72.6,"1,364",440,924,"1,034",9.7,"2,263","2,701",12.9,79.4,232,723,223,207,596,34.7,550,415,395
La Salle (Atlantic 10),Atlantic 10,30,11-19,11,19,128,517,743,"1,796",41.4,764,"1,762",43.4,310,451,68.7,"1,093",325,768,"1,092",0,"2,146","2,025",-4,67.5,177,645,232,229,717,31.9,401,349,384
Lafayette (Patriot),Patriot,30,10-20,10,20,101,432,757,"1,750",43.3,814,"1,763",46.2,257,376,68.4,959,244,715,"1,121",-5.4,"2,185","2,034",-5,67.8,188,642,238,263,802,32.8,485,346,333
Lamar University (WAC),WAC,29,2-27,2,27,86,545,664,"1,655",40.1,722,"1,621",44.5,298,433,68.8,"1,012",323,689,"1,050",-1.3,"2,116","1,778",-11.7,61.3,169,680,236,152,508,29.9,321,348,424
Lehigh (Patriot),Patriot,32,13-19,13,19,114,540,796,"1,782",44.7,839,"1,899",44.2,338,456,74.1,"1,068",228,840,"1,122",-1.7,"2,284","2,190",-2.9,68.4,141,490,174,260,681,38.2,453,325,427
Liberty (ASUN),ASUN,33,22-11,22,11,63,495,851,"1,801",47.3,729,"1,809",40.3,378,500,75.6,"1,131",234,897,"1,036",2.9,"2,094","2,421",9.9,73.4,178,736,240,341,892,38.2,486,383,383
Lipscomb (ASUN),ASUN,33,14-19,14,19,90,444,850,"1,860",45.7,932,"2,150",43.3,475,652,72.9,"1,186",252,934,"1,194",-0.2,"2,536","2,442",-2.8,74,146,878,322,267,776,34.4,502,337,437
Little Rock (Sun Belt),Sun Belt,28,9-19,9,19,60,469,651,"1,544",42.2,743,"1,578",47.1,369,502,73.5,880,240,640,982,-3.6,"2,047","1,868",-6.4,66.7,195,621,231,197,585,33.7,364,406,388
LIU (NEC),NEC,30,16-14,16,14,147,508,812,"1,897",42.8,777,"1,884",41.2,383,563,68,"1,184",354,830,"1,155",1,"2,204","2,245",1.4,74.8,231,785,248,238,758,31.4,508,411,408
LMU (CA) (WCC),WCC,29,11-18,11,18,50,515,718,"1,580",45.4,770,"1,605",48,364,506,71.9,861,229,632,938,-2.7,"2,148","2,010",-4.8,69.3,158,591,213,210,609,34.5,323,366,385
Long Beach St. (Big West),Big West,33,20-13,20,13,102,542,841,"1,926",43.7,872,"1,961",44.5,542,743,72.9,"1,165",326,839,"1,144",0.6,"2,409","2,437",0.8,73.8,232,771,266,213,615,34.6,411,478,437
Longwood (Big South),Big South,33,26-7,26,7,77,508,873,"1,938",45,788,"1,818",43.3,485,667,72.7,"1,224",403,821,"1,003",6.7,"2,169","2,500",10,75.8,259,789,252,269,713,37.7,477,470,407
Louisiana (Sun Belt),Sun Belt,31,16-15,16,15,136,555,766,"1,792",42.7,747,"1,823",41,443,630,70.3,"1,205",371,834,"1,053",4.9,"2,151","2,203",1.7,71.1,212,602,194,228,658,34.7,386,405,475
Louisiana Tech (C-USA),C-USA,34,24-10,24,10,73,497,911,"2,001",45.5,830,"2,010",41.3,455,628,72.5,"1,229",315,914,"1,215",0.4,"2,312","2,558",7.2,75.2,221,784,260,281,826,34,465,463,392
Louisville (ACC),ACC,32,13-19,13,19,77,549,795,"1,882",42.2,805,"1,842",43.7,318,472,67.4,"1,167",319,848,"1,130",1.2,"2,243","2,154",-2.8,67.3,196,702,245,246,795,30.9,382,354,391
Loyola Chicago (MVC),MVC,33,25-8,25,8,80,568,855,"1,794",47.7,725,"1,770",41,400,562,71.2,"1,116",259,857,"1,032",2.5,"2,029","2,403",11.3,72.8,230,680,210,293,773,37.9,492,446,402
Loyola Maryland (Patriot),Patriot,30,14-16,14,16,81,460,747,"1,689",44.2,709,"1,606",44.1,283,414,68.4,963,251,712,"1,001",-1.3,"1,970","1,984",0.5,66.1,236,606,206,207,649,31.9,449,421,364
LSU (SEC),SEC,34,22-12,22,12,145,651,879,"2,005",43.8,715,"1,854",38.6,489,669,73.1,"1,257",411,846,"1,182",2.2,"2,156","2,467",9.1,72.6,373,863,243,220,697,31.6,431,605,499
Maine (America East),America East,29,6-23,6,23,80,505,685,"1,654",41.4,738,"1,577",46.8,245,345,71,913,260,653,"1,036",-4.2,"2,063","1,811",-8.7,62.4,208,559,209,196,637,30.8,386,375,368
Manhattan (MAAC),MAAC,30,15-15,15,15,100,540,730,"1,659",44,786,"1,702",46.2,497,676,73.5,999,304,695,"1,010",-0.4,"2,179","2,126",-1.8,70.9,215,566,190,169,550,30.7,346,435,434
Marist (MAAC),MAAC,30,14-16,14,16,101,467,763,"1,737",43.9,723,"1,742",41.5,312,434,71.9,"1,056",275,781,"1,055",0,"2,045","2,063",0.6,68.8,175,713,238,225,654,34.4,269,342,371
Marquette (Big East),Big East,32,19-13,19,13,165,556,861,"1,915",45,824,"1,999",41.2,372,502,74.1,"1,113",251,862,"1,262",-4.7,"2,292","2,369",2.4,74,249,719,230,275,800,34.4,511,437,396
Marshall (C-USA),C-USA,33,12-21,12,21,160,511,919,"2,107",43.6,925,"2,053",45.1,354,502,70.5,"1,226",356,870,"1,260",-1,"2,523","2,442",-2.5,74,223,708,242,250,830,30.1,472,439,433
Maryland (Big Ten),Big Ten,32,15-17,15,17,102,485,790,"1,824",43.3,826,"1,909",43.3,469,618,75.9,"1,126",303,823,"1,121",0.2,"2,263","2,270",0.2,70.9,204,743,264,221,678,32.6,372,349,368
Massachusetts (Atlantic 10),Atlantic 10,32,15-17,15,17,83,546,823,"1,901",43.3,920,"1,896",48.5,472,623,75.8,"1,079",335,744,"1,122",-1.3,"2,498","2,422",-2.4,75.7,207,679,254,304,819,37.1,437,403,371
McNeese (Southland),Southland,33,11-22,11,22,116,662,933,"2,071",45.1,889,"1,984",44.8,500,759,65.9,"1,338",459,879,"1,141",6,"2,555","2,579",0.7,78.2,257,689,236,213,681,31.3,418,489,537
Memphis (AAC),AAC,33,22-11,22,11,180,621,889,"1,895",46.9,771,"1,940",39.7,497,716,69.4,"1,280",413,867,"1,079",6.1,"2,255","2,480",6.8,75.2,277,831,266,205,577,35.5,522,479,527
Mercer (SoCon),SoCon,33,16-17,16,17,98,502,828,"1,811",45.7,839,"1,879",44.7,401,521,77,"1,060",263,797,"1,062",-0.1,"2,328","2,325",-0.1,70.5,203,781,270,268,764,35.1,473,367,408
Miami (FL) (ACC),ACC,37,26-11,26,11,118,550,"1,011","2,136",47.3,979,"2,135",45.9,457,616,74.2,"1,132",269,863,"1,307",-4.7,"2,603","2,736",3.6,73.9,328,826,285,257,759,33.9,524,515,352
Miami (OH) (MAC),MAC,32,14-18,14,18,101,511,870,"1,980",43.9,839,"1,883",44.6,376,478,78.7,"1,110",317,793,"1,175",-2,"2,351","2,408",1.8,75.2,177,771,268,292,844,34.6,440,401,331
Michigan (Big Ten),Big Ten,34,19-15,19,15,112,516,914,"1,957",46.7,880,"1,995",44.1,429,575,74.6,"1,215",337,878,"1,029",5.5,"2,360","2,470",3.2,72.6,160,695,225,213,628,33.9,481,338,396
Michigan St. (Big Ten),Big Ten,36,23-13,23,13,181,609,939,"2,059",45.6,901,"2,138",42.1,461,615,75,"1,329",363,966,"1,179",4.2,"2,485","2,601",3.2,72.2,205,803,254,262,694,37.8,565,373,459
Middle Tenn. (C-USA),C-USA,37,26-11,26,11,158,680,963,"2,141",45,851,"2,059",41.3,543,718,75.6,"1,306",381,925,"1,255",1.4,"2,486","2,771",7.7,74.9,295,764,236,302,914,33,460,544,477
Milwaukee (Horizon),Horizon,32,10-22,10,22,119,541,762,"1,805",42.2,782,"1,950",40.1,350,488,71.7,"1,149",288,861,"1,184",-1.1,"2,264","2,073",-6,64.8,157,804,269,199,628,31.7,366,326,423
Minnesota (Big Ten),Big Ten,30,13-17,13,17,83,422,744,"1,699",43.8,793,"1,747",45.4,288,401,71.8,920,182,738,"1,125",-6.8,"2,076","2,010",-2.2,67,160,606,204,234,636,36.8,379,313,276
Mississippi St. (SEC),SEC,34,18-16,18,16,113,534,860,"1,891",45.5,808,"1,880",43,519,720,72.1,"1,236",384,852,"1,038",5.8,"2,252","2,396",4.2,70.5,269,784,250,157,532,29.5,455,445,449
Mississippi Val. (SWAC),SWAC,28,2-26,2,26,69,508,665,"1,723",38.6,841,"1,670",50.4,353,539,65.5,890,274,616,"1,199",-11,"2,323","1,882",-15.8,67.2,207,520,208,199,654,30.4,324,434,377
Missouri (SEC),SEC,33,12-21,12,21,134,588,790,"1,854",42.6,819,"1,848",44.3,409,556,73.6,"1,155",362,793,"1,103",1.6,"2,325","2,160",-5,65.5,215,655,231,171,609,28.1,399,405,476
Missouri St. (MVC),MVC,34,23-11,23,11,113,522,954,"1,980",48.2,837,"1,991",42,437,548,79.7,"1,199",281,918,"1,099",2.9,"2,342","2,628",8.4,77.3,181,760,252,283,756,37.4,413,364,362
Monmouth (MAAC),MAAC,34,21-13,21,13,113,615,801,"1,915",41.8,786,"1,929",40.7,515,707,72.8,"1,241",355,886,"1,195",1.4,"2,289","2,333",1.3,68.6,213,787,254,216,652,33.1,397,408,398
Montana (Big Sky),Big Sky,32,18-14,18,14,91,599,794,"1,752",45.3,741,"1,683",44,498,634,78.5,980,200,780,"1,084",-3.2,"2,141","2,310",5.3,72.2,176,508,181,224,641,34.9,420,421,328
Montana St. (Big Sky),Big Sky,35,27-8,27,8,128,639,923,"1,952",47.3,841,"1,965",42.8,565,749,75.4,"1,228",305,923,"1,085",4.1,"2,425","2,679",7.3,76.5,183,693,228,268,729,36.8,462,450,451
Morehead St. (OVC),OVC,34,23-11,23,11,196,511,868,"1,904",45.6,813,"1,992",40.8,360,540,66.7,"1,246",354,892,"1,120",3.7,"2,158","2,379",6.5,70,199,658,215,283,786,36,546,409,459
Morgan St. (MEAC),MEAC,28,13-15,13,15,96,551,771,"1,764",43.7,682,"1,563",43.6,386,570,67.7,"1,030",338,692,"1,014",0.6,"2,026","2,100",2.6,75,237,594,205,172,549,31.3,414,537,431
Mount St. Mary's (NEC),NEC,30,14-16,14,16,121,472,750,"1,693",44.3,723,"1,687",42.9,306,445,68.8,"1,050",323,727,989,2,"1,958","1,984",0.9,66.1,171,562,186,178,516,34.5,398,369,388
Murray St. (OVC),OVC,34,31-3,31,3,108,524,978,"2,056",47.6,788,"1,912",41.2,462,668,69.2,"1,328",425,903,"1,063",7.8,"2,150","2,690",15.9,79.1,266,774,232,272,775,35.1,501,471,389
N.C. A&T (Big South),Big South,32,12-20,12,20,104,611,806,"1,899",42.4,769,"1,793",42.9,353,540,65.4,"1,141",360,781,"1,176",-1.1,"2,250","2,167",-2.6,67.7,249,737,252,202,647,31.2,392,449,409
N.C. Central (MEAC),MEAC,31,16-15,16,15,67,631,809,"1,801",44.9,703,"1,662",42.3,437,654,66.8,"1,120",369,751,"1,022",3.2,"2,120","2,256",4.4,72.8,271,699,223,201,606,33.2,384,524,489
Navy (Patriot),Patriot,32,21-11,21,11,107,511,770,"1,792",43,678,"1,668",40.6,355,542,65.5,"1,194",383,811,"1,006",5.9,"1,924","2,079",4.8,65,226,637,209,184,565,32.6,392,432,412
NC State (ACC),ACC,32,11-21,11,21,118,527,824,"1,997",41.3,887,"1,879",47.2,421,581,72.5,"1,115",377,738,"1,205",-2.8,"2,419","2,336",-2.6,73,225,652,234,267,783,34.1,362,407,322
Nebraska (Big Ten),Big Ten,32,10-22,10,22,87,556,832,"1,875",44.4,900,"2,022",44.5,457,625,73.1,"1,059",235,824,"1,284",-7,"2,513","2,345",-5.2,73.3,230,816,283,224,701,32,408,429,402
Nevada (Mountain West),Mountain West,31,13-18,13,18,103,545,802,"1,786",44.9,807,"1,829",44.1,429,573,74.9,"1,077",259,818,"1,067",0.3,"2,282","2,249",-1.1,72.5,198,804,287,216,648,33.3,453,403,409
New Hampshire (America East),America East,28,15-13,15,13,80,376,706,"1,606",44,662,"1,535",43.1,271,405,66.9,"1,005",280,725,886,4.2,"1,819","1,925",3.8,68.8,130,605,206,242,661,36.6,340,265,254
New Mexico (Mountain West),Mountain West,32,13-19,13,19,139,587,834,"1,920",43.4,863,"1,893",45.6,459,612,75,"1,088",282,806,"1,206",-3.7,"2,411","2,376",-1.1,74.2,200,649,211,249,724,34.4,376,422,375
New Mexico St. (WAC),WAC,34,27-7,27,7,138,539,869,"1,912",45.4,768,"1,976",38.9,458,652,70.2,"1,295",371,924,"1,059",6.9,"2,197","2,464",7.9,72.5,170,843,254,268,810,33.1,467,407,478
New Orleans (Southland),Southland,32,18-14,18,14,88,602,890,"1,911",46.6,851,"1,990",42.8,557,762,73.1,"1,172",304,868,"1,200",-0.9,"2,385","2,469",2.6,77.2,254,788,242,132,429,30.8,416,490,457
Niagara (MAAC),MAAC,30,14-16,14,16,80,456,737,"1,678",43.9,704,"1,694",41.6,339,464,73.1,971,230,741,"1,024",-1.8,"1,965","2,022",1.9,67.4,169,624,207,209,605,34.5,367,345,328
Nicholls (Southland),Southland,33,21-12,21,12,130,601,"1,018","2,171",46.9,816,"1,963",41.6,285,456,62.5,"1,267",393,874,"1,219",1.5,"2,352","2,590",7.2,78.5,273,732,245,269,823,32.7,448,505,405
NIU (MAC),MAC,30,9-21,9,21,82,612,690,"1,646",41.9,734,"1,643",44.7,368,546,67.4,969,254,715,"1,090",-4,"2,146","1,923",-7.4,64.1,188,600,194,175,550,31.8,337,407,411
NJIT (America East),America East,29,11-18,11,18,106,458,656,"1,603",40.9,741,"1,712",43.3,328,498,65.9,995,240,755,"1,083",-3,"2,030","1,826",-7,63,176,696,233,186,569,32.7,293,335,372
Norfolk St. (MEAC),MEAC,31,24-7,24,7,111,547,814,"1,766",46.1,687,"1,807",38,458,655,69.9,"1,202",326,876,"1,047",5,"1,997","2,302",9.8,74.3,207,816,238,216,629,34.3,386,427,435
North Carolina (ACC),ACC,39,29-10,29,10,153,564,"1,076","2,409",44.7,"1,048","2,464",42.5,558,730,76.4,"1,608",447,"1,161","1,275",8.5,"2,780","3,038",6.6,77.9,202,893,301,328,916,35.8,582,378,455
North Dakota (Summit League),Summit League,31,6-25,6,25,58,537,739,"1,828",40.4,908,"1,859",48.8,422,573,73.6,"1,101",316,785,"1,126",-0.8,"2,444","2,178",-8.6,70.3,124,671,247,278,808,34.4,373,309,371
North Dakota St. (Summit League),Summit League,33,23-10,23,10,114,514,867,"1,878",46.2,845,"2,014",42,484,636,76.1,"1,234",279,955,"1,077",4.8,"2,267","2,469",6.1,74.8,129,657,210,251,701,35.8,367,302,385
North Florida (ASUN),ASUN,31,11-20,11,20,150,486,725,"1,743",41.6,830,"1,965",42.2,378,520,72.7,"1,049",282,767,"1,225",-5.7,"2,206","2,124",-2.6,68.5,172,590,188,296,873,33.9,394,373,453
North Texas (C-USA),C-USA,32,25-7,25,7,89,507,722,"1,634",44.2,654,"1,583",41.3,392,603,65,"1,091",335,756,948,4.5,"1,783","2,083",9.4,65.1,210,473,134,247,691,35.7,353,388,364
Northeastern (CAA),CAA,31,9-22,9,22,85,472,709,"1,624",43.7,792,"1,744",45.4,365,497,73.4,992,250,742,930,2,"2,142","1,993",-4.8,64.3,146,644,221,210,657,32,353,320,433
Northern Ariz. (Big Sky),Big Sky,32,9-23,9,23,80,586,770,"1,845",41.7,829,"1,823",45.5,344,518,66.4,"1,177",336,841,"1,081",3,"2,347","2,161",-5.8,67.5,144,657,237,277,773,35.8,403,311,432
Northern Colo. (Big Sky),Big Sky,38,22-16,22,16,110,655,"1,049","2,209",47.5,"1,070","2,330",45.9,475,670,70.9,"1,302",292,"1,010","1,278",0.6,"2,924","2,962",1,77.9,151,772,286,389,"1,020",38.1,467,374,470
Northern Ky. (Horizon),Horizon,32,20-12,20,12,80,488,805,"1,877",42.9,762,"1,786",42.7,347,486,71.4,"1,140",402,738,"1,053",2.7,"2,083","2,237",4.8,69.9,290,700,225,280,811,34.5,440,458,421
Northwestern (Big Ten),Big Ten,31,15-16,15,16,108,545,824,"1,928",42.7,739,"1,726",42.8,355,494,71.9,"1,104",298,806,"1,132",-0.9,"2,168","2,262",3,73,201,713,263,259,746,34.7,490,421,305
Northwestern St. (Southland),Southland,32,9-23,9,23,112,542,895,"2,012",44.5,930,"2,010",46.3,340,490,69.4,"1,154",353,801,"1,222",-2.1,"2,573","2,363",-6.6,73.8,203,711,244,233,681,34.2,481,420,457
Notre Dame (ACC),ACC,35,24-11,24,11,65,446,913,"1,973",46.3,898,"2,083",43.1,396,526,75.3,"1,189",251,938,"1,179",0.3,"2,349","2,540",5.5,72.6,182,734,236,318,834,38.1,491,352,365
Oakland (Horizon),Horizon,32,20-12,20,12,77,437,824,"1,876",43.9,833,"1,934",43.1,498,627,79.4,"1,104",347,757,"1,132",-0.9,"2,194","2,381",5.8,74.4,289,810,247,235,778,30.2,430,471,392
Ohio (MAC),MAC,35,25-10,25,10,91,505,898,"2,085",43.1,868,"1,958",44.3,479,659,72.7,"1,195",351,844,"1,225",-0.9,"2,378","2,591",6.1,74,263,734,231,316,943,33.5,443,498,368
Ohio St. (Big Ten),Big Ten,32,20-12,20,12,152,525,819,"1,740",47.1,772,"1,860",41.5,440,581,75.7,"1,107",288,819,"1,023",2.6,"2,166","2,329",5.1,72.8,144,669,226,251,688,36.5,400,325,358
Oklahoma (Big 12),Big 12,35,19-16,19,16,66,542,885,"1,859",47.6,846,"1,927",43.9,381,510,74.7,"1,113",267,846,"1,072",1.2,"2,276","2,417",4,69.1,258,664,211,266,767,34.7,491,478,516
Oklahoma St. (Big 12),Big 12,30,15-15,15,15,163,522,754,"1,737",43.4,677,"1,730",39.1,382,573,66.7,"1,113",347,766,"1,079",1.1,"1,970","2,051",2.7,68.4,256,694,225,161,546,29.5,380,482,453
Old Dominion (C-USA),C-USA,32,13-19,13,19,105,507,786,"1,810",43.4,758,"1,811",41.9,414,616,67.2,"1,196",366,830,"1,080",3.6,"2,145","2,127",-0.6,66.5,205,818,279,141,480,29.4,395,360,381
Ole Miss (SEC),SEC,32,13-19,13,19,89,486,793,"1,824",43.5,816,"1,792",45.5,372,523,71.1,"1,070",296,774,"1,094",-0.8,"2,197","2,180",-0.5,68.1,227,648,209,222,680,32.6,422,420,391
Omaha (Summit League),Summit League,30,5-25,5,25,77,578,755,"1,751",43.1,869,"1,809",48,366,502,72.9,985,263,722,"1,115",-4.3,"2,505","2,088",-13.9,69.6,145,699,276,212,597,35.5,328,321,408
Oral Roberts (Summit League),Summit League,31,19-12,19,12,130,476,937,"2,053",45.6,867,"1,984",43.7,348,477,73,"1,249",342,907,"1,114",4.4,"2,306","2,582",8.9,83.3,170,705,234,360,949,37.9,364,325,308
Oregon (Pac-12),Pac-12,35,20-15,20,15,122,582,936,"2,075",45.1,886,"2,050",43.2,411,605,67.9,"1,228",367,861,"1,242",-0.4,"2,440","2,532",2.6,72.3,238,757,244,249,749,33.2,426,465,411
Oregon St. (Pac-12),Pac-12,31,3-28,3,28,94,544,795,"1,795",44.3,886,"1,851",47.9,351,495,70.9,955,280,675,"1,135",-5.8,"2,422","2,117",-9.8,68.3,185,739,265,176,552,31.9,376,374,389
Pacific (WCC),WCC,30,8-22,8,22,77,496,710,"1,710",41.5,777,"1,693",45.9,374,545,68.6,984,242,742,"1,034",-1.7,"2,182","1,976",-6.9,65.9,192,713,275,182,572,31.8,343,393,369
Penn (Ivy League),Ivy League,28,12-16,12,16,63,483,748,"1,677",44.6,771,"1,696",45.5,295,405,72.8,968,248,720,"1,016",-1.7,"2,113","2,017",-3.4,72,154,647,224,226,675,33.5,355,300,331
Penn St. (Big Ten),Big Ten,31,14-17,14,17,67,478,740,"1,712",43.2,725,"1,741",41.6,274,373,73.5,"1,095",287,808,972,4,"2,015","2,003",-0.4,64.6,164,660,232,249,729,34.2,368,271,366
Pepperdine (WCC),WCC,32,7-25,7,25,75,572,810,"1,937",41.8,906,"1,953",46.4,331,461,71.8,"1,103",317,786,"1,216",-3.5,"2,480","2,183",-9.3,68.2,181,718,237,232,682,34,473,421,471
Pittsburgh (ACC),ACC,32,11-21,11,21,123,489,675,"1,630",41.4,769,"1,744",44.1,447,642,69.6,"1,083",317,766,995,2.8,"2,178","1,969",-6.5,61.5,172,749,276,172,548,31.4,352,340,435
Portland (WCC),WCC,34,19-15,19,15,86,557,858,"1,963",43.7,885,"2,110",41.9,544,688,79.1,"1,233",286,947,"1,218",0.4,"2,454","2,524",2.1,74.2,172,852,288,264,754,35,487,428,450
Portland St. (Big Sky),Big Sky,31,14-17,14,17,102,614,820,"1,905",43,771,"1,733",44.5,449,605,74.2,"1,050",318,732,"1,178",-4.1,"2,237","2,280",1.4,73.5,289,653,231,191,640,29.8,352,535,384
Prairie View (SWAC),SWAC,27,8-19,8,19,84,571,648,"1,514",42.8,697,"1,566",44.5,408,581,70.2,948,298,650,973,-0.9,"2,059","1,876",-6.8,69.5,229,552,198,172,496,34.7,314,406,478
Presbyterian (Big South),Big South,32,12-20,12,20,88,610,794,"1,882",42.2,737,"1,644",44.8,399,592,67.4,"1,138",396,742,"1,011",4,"2,174","2,170",-0.1,67.8,253,613,228,183,677,27,403,492,429
Princeton (Ivy League),Ivy League,30,23-7,23,7,54,421,910,"1,866",48.8,814,"1,792",45.4,248,388,63.9,"1,066",268,798,"1,008",1.9,"2,103","2,395",9.7,79.8,186,569,188,327,846,38.7,467,348,305
Providence (Big East),Big East,33,27-6,27,6,121,527,808,"1,859",43.5,802,"1,960",40.9,501,688,72.8,"1,241",348,893,"1,136",3.2,"2,184","2,360",5.3,71.5,166,706,212,243,706,34.4,437,345,378
Purdue (Big Ten),Big Ten,37,29-8,29,8,128,535,"1,026","2,094",49,943,"2,225",42.4,569,800,71.1,"1,431",412,"1,019","1,076",9.6,"2,532","2,936",10.9,79.4,172,903,300,315,820,38.4,601,351,436
Purdue Fort Wayne (Horizon),Horizon,33,21-12,21,12,82,503,864,"1,888",45.8,847,"1,856",45.6,385,515,74.8,"1,019",248,771,"1,102",-2.5,"2,298","2,424",3.8,73.5,289,744,262,311,839,37.1,465,519,445
Quinnipiac (MAAC),MAAC,31,14-17,14,17,66,518,789,"1,830",43.1,803,"1,852",43.4,372,486,76.5,"1,096",306,790,"1,067",0.9,"2,216","2,226",0.3,71.8,197,692,252,276,801,34.5,446,377,402
Radford (Big South),Big South,29,11-18,11,18,44,519,666,"1,607",41.4,681,"1,497",45.5,299,447,66.9,966,295,671,953,0.4,"1,955","1,832",-4.2,63.2,192,560,195,201,655,30.7,316,391,400
Rhode Island (Atlantic 10),Atlantic 10,31,15-16,15,16,186,532,769,"1,687",45.6,686,"1,749",39.2,377,608,62,"1,124",301,823,"1,059",2.1,"2,015","2,081",2.1,67.1,229,725,235,166,493,33.7,417,407,442
Rice (C-USA),C-USA,33,16-17,16,17,60,460,868,"1,892",45.9,936,"2,088",44.8,413,578,71.5,"1,174",292,882,"1,135",1.2,"2,421","2,446",0.8,74.1,169,743,247,297,803,37,519,336,413
Richmond (Atlantic 10),Atlantic 10,37,24-13,24,13,87,513,934,"2,112",44.2,951,"2,147",44.3,470,655,71.8,"1,195",281,914,"1,322",-3.4,"2,532","2,628",2.6,71,280,775,266,290,881,32.9,536,475,361
Rider (MAAC),MAAC,33,14-19,14,19,81,565,826,"1,997",41.4,783,"1,884",41.6,401,545,73.6,"1,223",360,863,"1,201",0.7,"2,286","2,237",-1.5,67.8,226,836,286,184,572,32.2,420,422,395
Robert Morris (Horizon),Horizon,32,8-24,8,24,122,496,823,"1,777",46.3,874,"1,905",45.9,382,503,75.9,"1,043",288,755,"1,071",-0.9,"2,390","2,220",-5.3,69.4,192,697,253,192,567,33.9,405,372,456
Rutgers (Big Ten),Big Ten,32,18-14,18,14,128,504,826,"1,856",44.5,756,"1,807",41.8,341,487,70,"1,140",327,813,"1,079",1.9,"2,129","2,192",2,68.5,225,717,243,199,587,33.9,486,379,369
Sacramento St. (Big Sky),Big Sky,29,11-18,11,18,82,498,696,"1,615",43.1,729,"1,598",45.6,310,457,67.8,903,225,678,"1,039",-4.7,"2,035","1,898",-4.7,65.4,173,584,201,196,546,35.9,319,352,321
Sacred Heart (NEC),NEC,30,10-20,10,20,66,469,807,"1,812",44.5,850,"1,854",45.8,324,447,72.5,"1,092",340,752,"1,051",1.4,"2,254","2,180",-2.5,72.7,163,703,244,242,706,34.3,436,338,417
Saint Francis (PA) (NEC),NEC,30,9-21,9,21,83,442,764,"1,808",42.3,821,"1,829",44.9,353,545,64.8,"1,099",358,741,"1,130",-1,"2,205","2,058",-4.9,68.6,197,699,250,177,562,31.5,389,387,378
Saint Joseph's (Atlantic 10),Atlantic 10,30,11-19,11,19,74,484,747,"1,774",42.1,774,"1,813",42.7,266,407,65.4,"1,128",292,836,"1,055",2.4,"2,072","2,028",-1.5,67.6,148,566,180,268,797,33.6,406,283,405
Saint Louis (Atlantic 10),Atlantic 10,35,23-12,23,12,109,627,958,"2,090",45.8,850,"2,016",42.2,514,674,76.3,"1,355",416,939,"1,129",6.5,"2,376","2,666",8.3,76.2,225,713,230,236,640,36.9,517,438,450
Saint Mary's (CA) (WCC),WCC,34,26-8,26,8,86,529,888,"1,915",46.4,779,"1,826",42.7,348,459,75.8,"1,146",293,853,"1,002",4.2,"2,061","2,370",9.1,69.7,235,516,175,246,696,35.3,458,429,381
Saint Peter's (MAAC),MAAC,34,22-12,22,12,170,669,797,"1,865",42.7,699,"1,811",38.6,485,692,70.1,"1,218",366,852,"1,146",2.1,"2,125","2,277",4.5,67,240,659,192,198,566,35,418,467,456
Sam Houston (WAC),WAC,33,19-14,19,14,81,594,846,"1,984",42.6,710,"1,740",40.8,293,484,60.5,"1,233",389,844,"1,127",3.2,"2,082","2,272",5.8,68.8,252,743,234,287,837,34.3,466,484,415
Samford (SoCon),SoCon,32,21-11,21,11,94,564,856,"1,923",44.5,824,"1,869",44.1,397,544,73,"1,139",340,799,"1,094",1.4,"2,363","2,390",0.8,74.7,239,852,292,281,837,33.6,411,435,440
San Diego (WCC),WCC,31,15-16,15,16,114,493,770,"1,797",42.8,801,"1,831",43.7,331,463,71.5,"1,112",297,815,"1,086",0.8,"2,086","2,041",-1.5,65.8,157,507,165,170,508,33.5,308,348,387
San Diego St. (Mountain West),Mountain West,32,23-9,23,9,152,559,761,"1,761",43.2,654,"1,702",38.4,379,548,69.2,"1,121",315,806,"1,056",2,"1,860","2,093",7.3,65.4,239,643,193,192,542,35.4,382,463,409
San Francisco (WCC),WCC,34,24-10,24,10,158,615,944,"2,064",45.7,834,"1,957",42.6,415,598,69.4,"1,288",366,922,"1,124",4.8,"2,304","2,630",9.6,77.4,261,596,175,327,934,35,443,440,434
San Jose St. (Mountain West),Mountain West,31,8-23,8,23,98,506,734,"1,717",42.7,839,"1,802",46.6,252,383,65.8,965,236,729,"1,122",-5.1,"2,242","1,993",-8,64.3,162,612,217,273,775,35.2,404,328,409
Santa Clara (WCC),WCC,33,21-12,21,12,124,495,950,"1,961",48.4,898,"2,097",42.8,412,541,76.2,"1,172",252,920,"1,153",0.6,"2,373","2,550",5.4,77.3,197,684,238,238,629,37.8,499,389,381
Seattle U (WAC),WAC,32,23-9,23,9,116,657,829,"1,989",41.7,727,"1,806",40.3,426,556,76.6,"1,203",319,884,"1,187",0.5,"2,132","2,393",8.2,74.8,221,660,207,309,910,34,436,469,371
Seton Hall (Big East),Big East,32,21-11,21,11,173,500,808,"1,925",42,764,"1,899",40.2,452,600,75.3,"1,233",387,846,"1,146",2.7,"2,125","2,302",5.5,71.9,226,645,200,234,692,33.8,330,405,388
SFA (WAC),WAC,32,22-10,22,10,130,630,877,"1,849",47.4,756,"1,764",42.9,442,652,67.8,"1,133",380,753,"1,055",2.4,"2,190","2,385",6.1,74.5,290,671,217,189,572,33,482,578,526
Siena (MAAC),MAAC,29,15-14,15,14,116,464,691,"1,621",42.6,745,"1,689",44.1,344,469,73.3,955,240,715,"1,025",-2.4,"2,006","1,922",-2.9,66.3,180,505,168,196,551,35.6,291,342,364
SIUE (OVC),OVC,32,11-21,11,21,122,584,772,"1,849",41.8,760,"1,845",41.2,429,622,69,"1,193",375,818,"1,141",1.6,"2,238","2,161",-2.4,67.5,227,740,235,188,647,29.1,408,448,483
SMU (AAC),AAC,33,24-9,24,9,142,502,827,"1,878",44,819,"2,074",39.5,502,669,75,"1,246",313,933,"1,223",0.7,"2,215","2,436",6.7,73.8,207,705,210,280,792,35.4,457,390,407
South Alabama (Sun Belt),Sun Belt,33,21-12,21,12,161,542,863,"1,878",46,747,"1,847",40.4,412,595,69.2,"1,138",321,817,"1,146",-0.2,"2,111","2,362",7.6,71.6,230,716,227,224,665,33.7,393,486,416
South Carolina (SEC),SEC,31,18-13,18,13,157,602,811,"1,913",42.4,735,"1,783",41.2,367,547,67.1,"1,187",403,784,"1,125",2,"2,178","2,200",0.7,71,243,638,204,211,667,31.6,435,480,472
South Carolina St. (MEAC),MEAC,31,15-16,15,16,111,615,797,"2,030",39.3,767,"1,816",42.2,436,633,68.9,"1,296",472,824,"1,155",4.5,"2,249","2,227",-0.7,71.8,206,719,243,197,657,30,379,486,466
South Dakota (Summit League),Summit League,31,19-12,19,12,71,547,829,"1,779",46.6,777,"1,716",45.3,450,600,75,"1,068",278,790,950,3.8,"2,198","2,329",4.2,75.1,137,638,231,221,591,37.4,370,343,309
South Dakota St. (Summit League),Summit League,35,30-5,30,5,89,536,"1,078","2,069",52.1,954,"2,184",43.7,523,690,75.8,"1,241",264,977,"1,112",3.7,"2,561","3,005",12.7,85.9,213,897,317,326,733,44.5,528,410,385
South Fla. (AAC),AAC,31,8-23,8,23,116,529,670,"1,790",37.4,689,"1,669",41.3,303,455,66.6,"1,114",353,761,"1,110",0.1,"2,012","1,781",-7.5,57.5,193,695,235,138,546,25.3,339,386,389
Southeast Mo. St. (OVC),OVC,32,14-18,14,18,86,648,818,"1,871",43.7,846,"1,869",45.3,501,684,73.2,"1,062",289,773,"1,148",-2.7,"2,473","2,418",-1.7,75.6,206,698,241,281,816,34.4,441,432,421
Southeastern La. (Southland),Southland,34,19-15,19,15,132,544,911,"1,982",46,992,"2,131",46.6,555,732,75.8,"1,120",314,806,"1,236",-3.4,"2,643","2,679",1.1,78.8,270,816,276,302,845,35.7,519,507,486
Southern California (Pac-12),Pac-12,34,26-8,26,8,151,531,910,"2,002",45.5,806,"2,067",39,411,619,66.4,"1,363",399,964,"1,145",6.4,"2,243","2,461",6.4,72.4,170,709,235,230,644,35.7,486,333,415
Southern Ill. (MVC),MVC,31,16-15,16,15,65,473,713,"1,600",44.6,705,"1,590",44.3,320,464,69,943,221,722,957,-0.5,"1,902","1,985",2.7,64,170,509,164,239,675,35.4,372,362,352
Southern Miss. (C-USA),C-USA,33,7-26,7,26,92,529,801,"1,868",42.9,887,"1,957",45.3,347,504,68.8,"1,110",274,836,"1,199",-2.7,"2,471","2,126",-10.5,64.4,164,837,314,177,567,31.2,405,377,439
Southern U. (SWAC),SWAC,31,17-14,17,14,80,634,791,"1,795",44.1,713,"1,611",44.3,434,624,69.6,979,297,682,"1,077",-3.2,"2,105","2,229",4,71.9,325,580,169,213,604,35.3,415,586,449
Southern Utah (Big Sky),Big Sky,35,23-12,23,12,87,596,962,"2,088",46.1,912,"2,073",44,504,706,71.4,"1,316",354,962,"1,150",4.7,"2,538","2,720",5.2,77.7,212,808,276,292,851,34.3,422,429,443
St. Bonaventure (Atlantic 10),Atlantic 10,33,23-10,23,10,157,439,868,"1,917",45.3,805,"1,881",42.8,373,497,75.1,"1,109",296,813,"1,111",-0.1,"2,194","2,309",3.5,70,209,830,284,200,604,33.1,451,419,342
St. Francis Brooklyn (NEC),NEC,30,10-20,10,20,78,497,746,"1,823",40.9,782,"1,701",46,315,443,71.1,"1,051",340,711,"1,083",-1.1,"2,116","2,017",-3.3,67.2,200,524,171,210,668,31.4,357,393,371
St. John's (NY) (Big East),Big East,32,17-15,17,15,175,572,969,"2,137",45.3,827,"1,950",42.4,377,557,67.7,"1,211",383,828,"1,246",-1.1,"2,373","2,547",5.4,79.6,284,747,255,232,692,33.5,600,510,381
Stanford (Pac-12),Pac-12,32,16-16,16,16,83,556,770,"1,780",43.3,806,"1,791",45,351,533,65.9,"1,180",368,812,963,6.8,"2,198","2,124",-2.3,66.4,178,700,229,233,688,33.9,419,352,479
Stetson (ASUN),ASUN,30,11-19,11,19,88,445,765,"1,779",43,798,"1,772",45,305,442,69,"1,068",316,752,"1,028",1.3,"2,144","2,090",-1.8,69.7,211,729,254,255,729,35,431,356,389
Stony Brook (America East),America East,31,18-13,18,13,90,443,815,"1,860",43.8,855,"1,878",45.5,377,501,75.2,"1,080",302,778,"1,129",-1.6,"2,267","2,261",-0.2,72.9,208,766,259,254,749,33.9,347,378,329
Syracuse (ACC),ACC,33,16-17,16,17,124,470,915,"2,029",45.1,887,"2,083",42.6,423,574,73.7,"1,197",349,848,"1,248",-1.5,"2,477","2,553",2.3,77.4,231,"1,014",335,300,795,37.7,482,385,354
TCU (Big 12),Big 12,34,21-13,21,13,141,527,862,"1,963",43.9,814,"1,937",42,416,617,67.4,"1,328",443,885,"1,039",8.5,"2,207","2,328",3.6,68.5,219,676,209,188,622,30.2,464,428,492
Temple (AAC),AAC,29,17-12,17,12,134,533,649,"1,644",39.5,678,"1,690",40.1,443,652,67.9,"1,124",356,768,"1,050",2.6,"1,927","1,936",0.3,66.8,196,618,182,195,628,31.1,342,338,364
Tennessee (SEC),SEC,35,27-8,27,8,150,592,915,"2,108",43.4,770,"1,912",40.3,436,610,71.5,"1,291",409,882,"1,179",3.2,"2,203","2,571",10.5,73.5,326,750,235,305,848,36,576,554,429
Tennessee St. (OVC),OVC,32,14-18,14,18,107,610,825,"1,851",44.6,770,"1,774",43.4,421,589,71.5,"1,119",332,787,"1,070",1.5,"2,246","2,282",1.1,71.3,216,666,221,211,603,35,393,453,444
Tennessee Tech (OVC),OVC,32,11-21,11,21,119,464,897,"1,998",44.9,883,"1,988",44.4,310,469,66.1,"1,187",371,816,"1,151",1.1,"2,357","2,328",-0.9,72.8,232,795,258,224,655,34.2,512,420,424
Texas (Big 12),Big 12,34,22-12,22,12,115,608,832,"1,886",44.1,712,"1,708",41.7,450,603,74.6,"1,131",355,776,"1,095",1.1,"2,062","2,339",8.1,68.8,261,573,183,225,681,33,450,506,392
Texas A&M (SEC),SEC,40,27-13,27,13,136,701,"1,034","2,335",44.3,924,"2,230",41.4,580,825,70.3,"1,423",484,939,"1,391",0.8,"2,643","2,908",6.6,72.7,399,853,270,260,800,32.5,541,675,524
Texas Southern (SWAC),SWAC,32,19-13,19,13,165,566,803,"1,855",43.3,752,"1,884",39.9,423,623,67.9,"1,263",379,884,"1,111",4.8,"2,115","2,209",2.9,69,177,670,204,180,574,31.4,346,387,479
Texas St. (Sun Belt),Sun Belt,29,21-8,21,8,105,496,739,"1,600",46.2,636,"1,512",42.1,382,508,75.2,977,292,685,902,2.6,"1,834","2,043",7.2,70.4,194,588,197,183,490,37.3,367,428,358
Texas Tech (Big 12),Big 12,37,27-10,27,10,130,598,969,"2,055",47.2,763,"1,977",38.6,504,722,69.8,"1,347",390,957,"1,122",6.1,"2,244","2,667",11.4,72.1,296,898,283,225,700,32.1,506,585,499
The Citadel (SoCon),SoCon,31,13-18,13,18,111,476,838,"1,884",44.5,871,"2,019",43.1,373,555,67.2,"1,159",293,866,"1,181",-0.7,"2,382","2,381",0,76.8,146,799,258,332,938,35.4,500,321,379
Toledo (MAC),MAC,34,26-8,26,8,95,512,"1,017","2,122",47.9,867,"2,148",40.4,448,594,75.4,"1,357",362,995,"1,198",4.7,"2,334","2,717",11.3,79.9,189,891,273,235,664,35.4,521,373,348
Towson (CAA),CAA,34,25-9,25,9,92,591,870,"1,943",44.8,762,"1,840",41.4,473,658,71.9,"1,242",408,834,"1,035",6.1,"2,185","2,478",8.6,72.9,247,762,240,265,743,35.7,458,438,404
Troy (Sun Belt),Sun Belt,32,20-12,20,12,72,564,770,"1,812",42.5,737,"1,782",41.4,434,597,72.7,"1,188",358,830,"1,073",3.6,"2,100","2,214",3.6,69.2,252,662,218,240,733,32.7,443,475,490
Tulane (AAC),AAC,29,14-15,14,15,95,466,734,"1,661",44.2,729,"1,741",41.9,419,554,75.6,917,198,719,"1,136",-7.6,"2,080","2,121",1.4,73.1,230,788,269,234,641,36.5,392,414,305
Tulsa (AAC),AAC,31,11-20,11,20,69,496,745,"1,717",43.4,768,"1,741",44.1,387,533,72.6,"1,011",278,733,"1,079",-2.2,"2,167","2,089",-2.5,67.4,212,778,282,212,619,34.2,365,420,397
UAB (C-USA),C-USA,35,27-8,27,8,148,579,"1,035","2,212",46.8,833,"2,009",41.5,465,629,73.9,"1,338",423,915,"1,181",4.5,"2,336","2,811",13.6,80.3,336,745,242,276,733,37.7,457,552,403
UAlbany (America East),America East,31,13-18,13,18,76,558,714,"1,741",41,720,"1,641",43.9,307,436,70.4,992,281,711,"1,059",-2.2,"2,042","1,917",-4,61.8,209,633,225,182,563,32.3,292,423,383
UC Davis (Big West),Big West,24,13-11,13,11,69,443,601,"1,366",44,552,"1,332",41.4,280,397,70.5,823,215,608,848,-1,"1,593","1,628",1.5,67.8,144,449,154,146,438,33.3,272,320,300
UC Irvine (Big West),Big West,25,15-10,15,10,89,450,609,"1,377",44.2,543,"1,392",39,312,408,76.5,908,252,656,805,4.1,"1,507","1,656",6,66.2,150,447,117,126,388,32.5,273,293,338
UC Riverside (Big West),Big West,28,16-12,16,12,37,449,683,"1,544",44.2,665,"1,596",41.7,298,414,72,"1,000",224,776,923,2.8,"1,784","1,865",2.9,66.6,147,476,141,201,628,32,373,303,346
UC Santa Barbara (Big West),Big West,28,17-11,17,11,82,483,755,"1,527",49.4,665,"1,582",42,404,571,70.8,977,256,721,861,4.1,"1,841","2,066",8,73.8,175,523,167,152,458,33.2,438,363,371
UCF (AAC),AAC,30,18-12,18,12,111,471,740,"1,748",42.3,724,"1,713",42.3,351,499,70.3,"1,057",332,725,"1,068",-0.4,"2,045","2,095",1.7,69.8,210,708,221,264,754,35,435,424,391
UCLA (Pac-12),Pac-12,35,27-8,27,8,116,554,967,"2,148",45,809,"1,948",41.5,468,632,74.1,"1,281",394,887,"1,161",3.4,"2,256","2,639",10.9,75.4,244,742,238,237,671,35.3,486,460,313
UConn (Big East),Big East,33,23-10,23,10,212,555,880,"2,021",43.5,762,"1,893",40.3,464,616,75.3,"1,333",455,878,"1,085",7.5,"2,155","2,469",9.5,74.8,196,617,218,245,697,35.2,463,404,388
UIC (Horizon),Horizon,30,14-16,14,16,119,515,798,"1,815",44,798,"1,737",45.9,292,414,70.5,"1,002",261,741,"1,066",-2.1,"2,188","2,159",-1,72,173,472,174,271,836,32.4,441,362,361
UIW (Southland),Southland,32,7-25,7,25,57,556,737,"1,777",41.5,910,"1,838",49.5,395,504,78.4,957,262,695,"1,143",-5.8,"2,445","2,145",-9.4,67,169,658,239,276,797,34.6,374,408,434
ULM (Sun Belt),Sun Belt,31,13-18,13,18,85,521,839,"1,847",45.4,815,"1,816",44.9,349,482,72.4,"1,004",277,727,"1,148",-4.6,"2,304","2,246",-1.9,72.5,223,731,260,219,648,33.8,466,438,395
UMass Lowell (America East),America East,31,15-16,15,16,130,495,831,"1,867",44.5,723,"1,763",41,346,493,70.2,"1,118",331,787,"1,081",1.2,"2,040","2,191",4.9,70.7,227,590,211,183,598,30.6,362,433,385
UMBC (America East),America East,32,18-14,18,14,66,427,813,"1,832",44.4,902,"1,973",45.7,439,560,78.4,"1,048",237,811,"1,157",-3.4,"2,307","2,359",1.6,73.7,153,723,251,294,778,37.8,396,368,351
UMES (MEAC),MEAC,27,11-16,11,16,61,453,631,"1,562",40.4,628,"1,453",43.2,307,477,64.4,935,292,643,959,-0.9,"1,792","1,778",-0.5,65.9,272,561,185,209,665,31.4,336,470,416
UNC Asheville (Big South),Big South,32,17-15,17,15,157,505,831,"1,817",45.7,842,"1,919",43.9,485,668,72.6,"1,085",299,786,"1,145",-1.9,"2,201","2,410",6.5,75.3,208,626,179,263,724,36.3,407,433,392
UNC Greensboro (SoCon),SoCon,32,17-15,17,15,51,491,750,"1,741",43.1,712,"1,701",41.9,349,484,72.1,"1,119",348,771,954,5.2,"2,079","2,083",0.1,65.1,205,821,287,234,684,34.2,386,382,415
UNCW (CAA),CAA,36,27-9,27,9,145,647,904,"2,130",42.4,890,"2,023",44,531,715,74.3,"1,205",371,834,"1,331",-3.5,"2,483","2,596",3.1,72.1,274,664,235,257,771,33.3,383,486,361
UNI (MVC),MVC,32,20-12,20,12,45,444,823,"1,793",45.9,828,"1,840",45,459,582,78.9,"1,044",218,826,"1,041",0.1,"2,273","2,383",3.4,74.5,184,896,315,278,782,35.5,377,394,356
UNLV (Mountain West),Mountain West,32,18-14,18,14,90,571,782,"1,842",42.5,735,"1,796",40.9,409,554,73.8,"1,156",309,847,"1,120",1.1,"2,099","2,236",4.3,69.9,196,749,235,263,783,33.6,442,367,358
USC Upstate (Big South),Big South,32,15-17,15,17,106,612,815,"1,823",44.7,805,"1,833",43.9,400,529,75.6,"1,044",248,796,"1,156",-3.5,"2,341","2,287",-1.7,71.5,203,749,246,257,704,36.5,438,408,408
UT Arlington (Sun Belt),Sun Belt,29,11-18,11,18,123,520,711,"1,696",41.9,694,"1,680",41.3,342,488,70.1,"1,067",335,732,"1,062",0.2,"1,993","1,948",-1.6,67.2,227,668,236,184,587,31.3,405,402,406
UT Martin (OVC),OVC,30,8-22,8,22,131,543,762,"1,837",41.5,762,"1,759",43.3,338,483,70,"1,110",356,754,"1,129",-0.6,"2,206","2,067",-4.6,68.9,198,682,223,205,685,29.9,353,387,399
Utah (Pac-12),Pac-12,31,11-20,11,20,90,511,753,"1,799",41.9,806,"1,848",43.6,418,540,77.4,"1,124",326,798,"1,116",0.3,"2,197","2,161",-1.2,69.7,142,648,213,237,708,33.5,418,320,380
Utah St. (Mountain West),Mountain West,34,18-16,18,16,73,561,917,"1,926",47.6,818,"1,906",42.9,398,552,72.1,"1,201",287,914,"1,066",4,"2,273","2,497",6.6,73.4,209,739,251,265,775,34.2,611,420,424
Utah Valley (WAC),WAC,32,20-12,20,12,143,539,798,"1,758",45.4,760,"1,930",39.4,479,671,71.4,"1,295",351,944,"1,027",8.4,"2,084","2,279",6.1,71.2,175,722,205,204,550,37.1,475,357,495
UTEP (C-USA),C-USA,34,20-14,20,14,121,617,840,"1,950",43.1,808,"1,832",44.1,413,541,76.3,"1,093",275,818,"1,230",-4,"2,265","2,352",2.6,69.2,253,613,205,259,741,35,412,498,396
UTRGV (WAC),WAC,31,8-23,8,23,99,620,759,"1,722",44.1,857,"1,920",44.6,498,717,69.5,"1,070",275,795,"1,199",-4.2,"2,436","2,212",-7.2,71.4,162,755,242,196,644,30.4,379,408,477
UTSA (C-USA),C-USA,32,10-22,10,22,81,525,795,"2,010",39.6,840,"1,841",45.6,363,532,68.2,"1,226",407,819,"1,182",1.4,"2,313","2,153",-5,67.3,183,713,256,200,680,29.4,366,397,406
Valparaiso (MVC),MVC,32,14-18,14,18,95,431,836,"1,820",45.9,853,"1,872",45.6,362,477,75.9,"1,034",219,815,"1,069",-1.1,"2,257","2,264",0.2,70.8,204,684,242,230,692,33.2,400,366,354
Vanderbilt (SEC),SEC,36,19-17,19,17,121,650,849,"2,001",42.4,851,"1,997",42.6,540,775,69.7,"1,235",347,888,"1,258",-0.6,"2,442","2,548",2.9,70.8,261,778,234,310,913,34,423,516,472
VCU (Atlantic 10),Atlantic 10,32,22-10,22,10,162,599,795,"1,723",46.1,679,"1,722",39.4,375,533,70.4,"1,040",268,772,"1,102",-1.9,"1,997","2,146",4.7,67.1,294,618,172,181,521,34.7,446,544,483
Vermont (America East),America East,34,28-6,28,6,84,475,936,"1,902",49.2,765,"1,865",41,374,504,74.2,"1,190",248,942,990,5.9,"2,065","2,544",14.1,74.8,173,702,241,298,817,36.5,515,379,326
Villanova (Big East),Big East,38,30-8,30,8,84,566,922,"2,133",43.2,861,"2,111",40.8,527,635,83,"1,323",392,931,"1,243",2.1,"2,383","2,726",9,71.7,229,891,274,355,988,35.9,451,447,376
Virginia (ACC),ACC,35,21-14,21,14,149,480,817,"1,820",44.9,783,"1,842",42.5,374,512,73,"1,097",300,797,"1,101",-0.1,"2,104","2,184",2.3,62.4,200,691,232,176,545,32.3,493,385,339
Virginia Tech (ACC),ACC,36,23-13,23,13,114,535,933,"1,981",47.1,831,"1,933",43,364,485,75.1,"1,152",305,847,"1,091",1.7,"2,261","2,549",8,70.8,192,713,230,319,814,39.2,515,429,391
VMI (SoCon),SoCon,32,16-16,16,16,87,477,876,"1,908",45.9,843,"2,033",41.5,377,476,79.2,"1,165",265,900,"1,170",-0.2,"2,375","2,529",4.8,79,154,947,319,400,"1,050",38.1,511,329,371
Wagner (NEC),NEC,27,21-6,21,6,76,535,747,"1,613",46.3,600,"1,438",41.7,378,521,72.6,"1,006",320,686,871,5,"1,747","2,010",9.7,74.4,226,568,168,138,484,28.5,393,419,338
Wake Forest (ACC),ACC,35,25-10,25,10,136,559,978,"2,026",48.3,880,"2,131",41.3,497,681,73,"1,286",305,981,"1,182",3,"2,452","2,749",8.5,78.5,227,784,252,296,860,34.4,527,446,488
Washington (Pac-12),Pac-12,32,17-15,17,15,132,532,796,"1,929",41.3,842,"1,903",44.2,470,670,70.1,"1,069",352,717,"1,243",-5.4,"2,314","2,260",-1.7,70.6,265,648,217,198,634,31.2,326,503,381
Washington St. (Pac-12),Pac-12,37,22-15,22,15,165,644,908,"2,239",40.6,859,"2,068",41.5,497,668,74.4,"1,374",461,913,"1,305",1.9,"2,400","2,644",6.6,71.5,237,722,221,331,989,33.5,416,512,416
Weber St. (Big Sky),Big Sky,33,21-12,21,12,83,507,878,"1,847",47.5,844,"1,919",44,521,696,74.9,"1,060",218,842,"1,104",-1.3,"2,319","2,513",5.9,76.2,253,756,278,236,696,33.9,351,482,384
West Virginia (Big 12),Big 12,33,16-17,16,17,150,575,779,"1,885",41.3,809,"1,814",44.6,493,681,72.4,"1,064",355,709,"1,191",-3.8,"2,276","2,259",-0.5,68.5,257,669,217,208,635,32.8,346,508,411
Western Caro. (SoCon),SoCon,32,11-21,11,21,76,544,787,"1,960",40.2,871,"1,960",44.4,367,545,67.3,"1,203",374,829,"1,202",0,"2,472","2,261",-6.6,70.7,156,885,316,320,"1,002",31.9,412,326,397
Western Ill. (Summit League),Summit League,32,16-16,16,16,81,558,889,"2,048",43.4,890,"1,920",46.4,438,619,70.8,"1,221",369,852,"1,134",2.7,"2,470","2,493",0.7,77.9,199,636,237,277,837,33.1,364,399,367
Western Ky. (C-USA),C-USA,32,19-13,19,13,190,362,881,"1,885",46.7,842,"2,017",41.7,406,569,71.4,"1,132",272,860,"1,186",-1.7,"2,214","2,414",6.2,75.4,271,891,304,246,695,35.4,445,459,388
Western Mich. (MAC),MAC,31,8-23,8,23,72,522,730,"1,736",42.1,846,"1,842",45.9,305,436,70,"1,027",288,739,"1,118",-2.9,"2,329","2,027",-9.7,65.4,165,739,244,262,788,33.2,319,318,425
Wichita St. (AAC),AAC,28,15-13,15,13,128,446,658,"1,634",40.3,664,"1,602",41.4,390,518,75.3,"1,038",333,705,976,2.2,"1,858","1,917",2.1,68.5,211,589,186,211,677,31.2,336,387,360
William & Mary (CAA),CAA,32,5-27,5,27,95,537,724,"1,799",40.2,878,"1,907",46,380,539,70.5,"1,129",317,812,"1,143",-0.4,"2,380","2,044",-10.5,63.9,211,788,264,216,702,30.8,367,408,519
Winthrop (Big South),Big South,32,23-9,23,9,83,572,842,"1,733",48.6,784,"1,820",43.1,447,639,70,"1,097",268,829,"1,012",2.7,"2,246","2,407",5,75.2,207,738,258,276,743,37.1,428,434,467
Wisconsin (Big Ten),Big Ten,33,25-8,25,8,97,554,815,"1,931",42.2,813,"1,870",43.5,465,626,74.3,"1,156",308,848,"1,150",0.2,"2,177","2,308",4,69.9,175,628,204,213,696,30.6,365,377,287
Wofford (SoCon),SoCon,32,19-13,19,13,47,486,818,"1,758",46.5,747,"1,665",44.9,383,505,75.8,996,272,724,884,3.5,"2,120","2,322",6.3,72.6,222,767,275,303,852,35.6,425,424,373
Wright St. (Horizon),Horizon,36,22-14,22,14,107,523,987,"2,140",46.1,972,"2,149",45.2,522,680,76.8,"1,255",378,877,"1,212",1.2,"2,585","2,729",4,75.8,212,743,247,233,700,33.3,506,470,440
Wyoming (Mountain West),Mountain West,34,25-9,25,9,67,516,853,"1,865",45.7,825,"1,992",41.4,485,669,72.5,"1,212",281,931,"1,117",2.8,"2,227","2,466",7,72.5,133,761,230,275,804,34.2,381,364,385
Xavier (Big East),Big East,36,23-13,23,13,156,553,953,"2,112",45.1,912,"2,150",42.4,520,745,69.8,"1,335",372,963,"1,237",2.7,"2,492","2,668",4.9,74.1,269,786,253,242,751,32.2,533,458,420
Yale (Ivy League),Ivy League,31,19-12,19,12,98,543,795,"1,800",44.2,761,"1,799",42.3,424,577,73.5,"1,115",281,834,"1,103",0.4,"2,143","2,226",2.7,71.8,193,745,227,212,647,32.8,372,408,400
Youngstown St. (Horizon),Horizon,34,19-15,19,15,87,593,878,"1,960",44.8,865,"1,964",44,458,602,76.1,"1,180",347,833,"1,112",2,"2,374","2,470",2.8,72.6,183,703,239,256,746,34.3,403,401,399